Thu May 04 17:39:28 EDT 2017,0,1493933968962,logging starts
Thu May 04 17:39:44 EDT 2017,15486,1493933984448,2217.0,50.0
Thu May 04 17:39:44 EDT 2017,15487,1493933984449,2217.0,50.0
Thu May 04 17:39:44 EDT 2017,15487,1493933984449,2217.0,50.0
Thu May 04 17:39:44 EDT 2017,15487,1493933984449,2217.0,50.0
Thu May 04 17:39:44 EDT 2017,15487,1493933984449,2217.0,50.0
Thu May 04 17:39:44 EDT 2017,15487,1493933984449,2217.0,50.0
Thu May 04 17:39:54 EDT 2017,25321,1493933994283,2064.0,48.0
Thu May 04 17:39:54 EDT 2017,25321,1493933994283,2064.0,48.0
Thu May 04 17:39:54 EDT 2017,25322,1493933994284,2064.0,48.0
Thu May 04 17:39:54 EDT 2017,25322,1493933994284,2064.0,48.0
Thu May 04 17:39:54 EDT 2017,25322,1493933994284,2064.0,48.0
Thu May 04 17:39:54 EDT 2017,25322,1493933994284,2064.0,48.0
Thu May 04 17:40:05 EDT 2017,36885,1493934005847,SearchBox,/author Kwan-Liu Ma 
Thu May 04 17:40:05 EDT 2017,36886,1493934005848,2440.0,340.0
Thu May 04 17:40:05 EDT 2017,36886,1493934005848,2440.0,340.0
Thu May 04 17:40:05 EDT 2017,36886,1493934005848,2440.0,340.0
Thu May 04 17:40:05 EDT 2017,36886,1493934005848,2440.0,340.0
Thu May 04 17:40:05 EDT 2017,36886,1493934005848,2440.0,340.0
Thu May 04 17:40:05 EDT 2017,36886,1493934005848,2440.0,340.0
Thu May 04 17:40:05 EDT 2017,36886,1493934005848,2440.0,340.0
Thu May 04 17:40:13 EDT 2017,44618,1493934013580,3537.0,670.0
Thu May 04 17:40:13 EDT 2017,44618,1493934013580,3537.0,670.0
Thu May 04 17:40:13 EDT 2017,44618,1493934013580,3537.0,670.0
Thu May 04 17:40:13 EDT 2017,44618,1493934013580,3537.0,670.0
Thu May 04 17:40:13 EDT 2017,44618,1493934013580,3537.0,670.0
Thu May 04 17:40:13 EDT 2017,44618,1493934013580,3537.0,670.0
Thu May 04 17:40:13 EDT 2017,44618,1493934013580,3537.0,670.0
Thu May 04 17:40:15 EDT 2017,46756,1493934015718,Drag
Thu May 04 17:40:15 EDT 2017,46756,1493934015718,Drag
Thu May 04 17:40:15 EDT 2017,46756,1493934015718,Drag
Thu May 04 17:40:15 EDT 2017,46756,1493934015718,Drag
Thu May 04 17:40:15 EDT 2017,46756,1493934015718,Drag
Thu May 04 17:40:15 EDT 2017,46757,1493934015719,Drag
Thu May 04 17:40:15 EDT 2017,46757,1493934015719,Drag
Thu May 04 17:40:15 EDT 2017,46764,1493934015726,Drag
Thu May 04 17:40:15 EDT 2017,46764,1493934015726,Drag
Thu May 04 17:40:15 EDT 2017,46764,1493934015726,Drag
Thu May 04 17:40:15 EDT 2017,46764,1493934015726,Drag
Thu May 04 17:40:15 EDT 2017,46764,1493934015726,Drag
Thu May 04 17:40:15 EDT 2017,46764,1493934015726,Drag
Thu May 04 17:40:15 EDT 2017,46764,1493934015726,Drag
Thu May 04 17:40:15 EDT 2017,46778,1493934015740,Drag
Thu May 04 17:40:15 EDT 2017,46778,1493934015740,Drag
Thu May 04 17:40:15 EDT 2017,46778,1493934015740,Drag
Thu May 04 17:40:15 EDT 2017,46778,1493934015740,Drag
Thu May 04 17:40:15 EDT 2017,46778,1493934015740,Drag
Thu May 04 17:40:15 EDT 2017,46778,1493934015740,Drag
Thu May 04 17:40:15 EDT 2017,46779,1493934015741,Drag
Thu May 04 17:40:15 EDT 2017,46786,1493934015748,Drag
Thu May 04 17:40:15 EDT 2017,46786,1493934015748,Drag
Thu May 04 17:40:15 EDT 2017,46786,1493934015748,Drag
Thu May 04 17:40:15 EDT 2017,46786,1493934015748,Drag
Thu May 04 17:40:15 EDT 2017,46786,1493934015748,Drag
Thu May 04 17:40:15 EDT 2017,46786,1493934015748,Drag
Thu May 04 17:40:15 EDT 2017,46786,1493934015748,Drag
Thu May 04 17:40:15 EDT 2017,46795,1493934015757,Drag
Thu May 04 17:40:15 EDT 2017,46795,1493934015757,Drag
Thu May 04 17:40:15 EDT 2017,46795,1493934015757,Drag
Thu May 04 17:40:15 EDT 2017,46795,1493934015757,Drag
Thu May 04 17:40:15 EDT 2017,46795,1493934015757,Drag
Thu May 04 17:40:15 EDT 2017,46795,1493934015757,Drag
Thu May 04 17:40:15 EDT 2017,46795,1493934015757,Drag
Thu May 04 17:40:24 EDT 2017,55443,1493934024405,3562.0,683.0
Thu May 04 17:40:24 EDT 2017,55443,1493934024405,3562.0,683.0
Thu May 04 17:40:24 EDT 2017,55443,1493934024405,3562.0,683.0
Thu May 04 17:40:24 EDT 2017,55444,1493934024406,3562.0,683.0
Thu May 04 17:40:24 EDT 2017,55444,1493934024406,3562.0,683.0
Thu May 04 17:40:24 EDT 2017,55444,1493934024406,3562.0,683.0
Thu May 04 17:40:24 EDT 2017,55444,1493934024406,3562.0,683.0
Thu May 04 17:41:02 EDT 2017,93161,1493934062123,3064.0,120.0
Thu May 04 17:41:02 EDT 2017,93161,1493934062123,3064.0,120.0
Thu May 04 17:41:02 EDT 2017,93161,1493934062123,3064.0,120.0
Thu May 04 17:41:02 EDT 2017,93161,1493934062123,3064.0,120.0
Thu May 04 17:41:02 EDT 2017,93161,1493934062123,3064.0,120.0
Thu May 04 17:41:02 EDT 2017,93161,1493934062123,3064.0,120.0
Thu May 04 17:41:02 EDT 2017,93161,1493934062123,3064.0,120.0
Thu May 04 17:41:03 EDT 2017,94043,1493934063005,Task1,6
Thu May 04 17:41:26 EDT 2017,117870,1493934086832,2093.0,56.0
Thu May 04 17:41:26 EDT 2017,117870,1493934086832,2093.0,56.0
Thu May 04 17:41:26 EDT 2017,117870,1493934086832,2093.0,56.0
Thu May 04 17:41:26 EDT 2017,117870,1493934086832,2093.0,56.0
Thu May 04 17:41:26 EDT 2017,117870,1493934086832,2093.0,56.0
Thu May 04 17:41:26 EDT 2017,117870,1493934086832,2093.0,56.0
Thu May 04 17:41:26 EDT 2017,117870,1493934086832,2093.0,56.0
Thu May 04 17:41:52 EDT 2017,143578,1493934112540,SearchBox,/keyword Information Visualization
Thu May 04 17:41:52 EDT 2017,143578,1493934112540,2395.0,68.0
Thu May 04 17:41:52 EDT 2017,143578,1493934112540,2395.0,68.0
Thu May 04 17:41:52 EDT 2017,143578,1493934112540,2395.0,68.0
Thu May 04 17:41:52 EDT 2017,143578,1493934112540,2395.0,68.0
Thu May 04 17:41:52 EDT 2017,143578,1493934112540,2395.0,68.0
Thu May 04 17:41:52 EDT 2017,143578,1493934112540,2395.0,68.0
Thu May 04 17:41:52 EDT 2017,143578,1493934112540,2395.0,68.0
Thu May 04 17:41:52 EDT 2017,143578,1493934112540,2395.0,68.0
Thu May 04 17:41:56 EDT 2017,147176,1493934116138,2230.0,56.0
Thu May 04 17:41:56 EDT 2017,147176,1493934116138,2230.0,56.0
Thu May 04 17:41:56 EDT 2017,147176,1493934116138,2230.0,56.0
Thu May 04 17:41:56 EDT 2017,147176,1493934116138,2230.0,56.0
Thu May 04 17:41:56 EDT 2017,147176,1493934116138,2230.0,56.0
Thu May 04 17:41:56 EDT 2017,147176,1493934116138,2230.0,56.0
Thu May 04 17:41:56 EDT 2017,147176,1493934116138,2230.0,56.0
Thu May 04 17:41:56 EDT 2017,147176,1493934116138,2230.0,56.0
Thu May 04 17:42:03 EDT 2017,154688,1493934123650,2364.0,69.0
Thu May 04 17:42:03 EDT 2017,154688,1493934123650,2364.0,69.0
Thu May 04 17:42:03 EDT 2017,154688,1493934123650,2364.0,69.0
Thu May 04 17:42:03 EDT 2017,154688,1493934123650,2364.0,69.0
Thu May 04 17:42:03 EDT 2017,154688,1493934123650,2364.0,69.0
Thu May 04 17:42:03 EDT 2017,154688,1493934123650,2364.0,69.0
Thu May 04 17:42:03 EDT 2017,154688,1493934123650,2364.0,69.0
Thu May 04 17:42:03 EDT 2017,154688,1493934123650,2364.0,69.0
Thu May 04 17:42:07 EDT 2017,158554,1493934127516,SearchBox,/year 2014
Thu May 04 17:42:07 EDT 2017,158554,1493934127516,2362.0,44.0
Thu May 04 17:42:07 EDT 2017,158554,1493934127516,2362.0,44.0
Thu May 04 17:42:07 EDT 2017,158554,1493934127516,2362.0,44.0
Thu May 04 17:42:07 EDT 2017,158554,1493934127516,2362.0,44.0
Thu May 04 17:42:07 EDT 2017,158554,1493934127516,2362.0,44.0
Thu May 04 17:42:07 EDT 2017,158554,1493934127516,2362.0,44.0
Thu May 04 17:42:07 EDT 2017,158554,1493934127516,2362.0,44.0
Thu May 04 17:42:07 EDT 2017,158555,1493934127517,2362.0,44.0
Thu May 04 17:42:07 EDT 2017,158555,1493934127517,2362.0,44.0
Thu May 04 17:42:58 EDT 2017,209951,1493934178913,SearchBox,/keyword information visualization
Thu May 04 17:42:58 EDT 2017,209951,1493934178913,2469.0,660.0
Thu May 04 17:42:58 EDT 2017,209951,1493934178913,2469.0,660.0
Thu May 04 17:42:58 EDT 2017,209952,1493934178914,2469.0,660.0
Thu May 04 17:42:58 EDT 2017,209952,1493934178914,2469.0,660.0
Thu May 04 17:42:58 EDT 2017,209952,1493934178914,2469.0,660.0
Thu May 04 17:42:58 EDT 2017,209952,1493934178914,2469.0,660.0
Thu May 04 17:42:58 EDT 2017,209952,1493934178914,2469.0,660.0
Thu May 04 17:42:58 EDT 2017,209952,1493934178914,2469.0,660.0
Thu May 04 17:42:58 EDT 2017,209952,1493934178914,2469.0,660.0
Thu May 04 17:42:58 EDT 2017,209952,1493934178914,2469.0,660.0
Thu May 04 17:43:04 EDT 2017,215312,1493934184274,Task2,14
Thu May 04 17:43:46 EDT 2017,257651,1493934226613,SearchBox,/keyword volume rendering
Thu May 04 17:43:46 EDT 2017,257651,1493934226613,2355.0,59.0
Thu May 04 17:43:46 EDT 2017,257651,1493934226613,2355.0,59.0
Thu May 04 17:43:46 EDT 2017,257651,1493934226613,2355.0,59.0
Thu May 04 17:43:46 EDT 2017,257651,1493934226613,2355.0,59.0
Thu May 04 17:43:46 EDT 2017,257652,1493934226614,2355.0,59.0
Thu May 04 17:43:46 EDT 2017,257652,1493934226614,2355.0,59.0
Thu May 04 17:43:46 EDT 2017,257652,1493934226614,2355.0,59.0
Thu May 04 17:43:46 EDT 2017,257652,1493934226614,2355.0,59.0
Thu May 04 17:43:46 EDT 2017,257652,1493934226614,2355.0,59.0
Thu May 04 17:43:46 EDT 2017,257652,1493934226614,2355.0,59.0
Thu May 04 17:43:46 EDT 2017,257652,1493934226614,2355.0,59.0
Thu May 04 17:44:06 EDT 2017,278005,1493934246967,3589.0,810.0
Thu May 04 17:44:06 EDT 2017,278005,1493934246967,3589.0,810.0
Thu May 04 17:44:06 EDT 2017,278005,1493934246967,3589.0,810.0
Thu May 04 17:44:06 EDT 2017,278005,1493934246967,3589.0,810.0
Thu May 04 17:44:06 EDT 2017,278005,1493934246967,3589.0,810.0
Thu May 04 17:44:06 EDT 2017,278005,1493934246967,3589.0,810.0
Thu May 04 17:44:06 EDT 2017,278005,1493934246967,3589.0,810.0
Thu May 04 17:44:06 EDT 2017,278005,1493934246967,3589.0,810.0
Thu May 04 17:44:06 EDT 2017,278005,1493934246967,3589.0,810.0
Thu May 04 17:44:06 EDT 2017,278005,1493934246967,3589.0,810.0
Thu May 04 17:44:06 EDT 2017,278005,1493934246967,3589.0,810.0
Thu May 04 17:44:12 EDT 2017,283478,1493934252440,3588.0,810.0
Thu May 04 17:44:12 EDT 2017,283478,1493934252440,3588.0,810.0
Thu May 04 17:44:12 EDT 2017,283478,1493934252440,3588.0,810.0
Thu May 04 17:44:12 EDT 2017,283478,1493934252440,3588.0,810.0
Thu May 04 17:44:12 EDT 2017,283478,1493934252440,3588.0,810.0
Thu May 04 17:44:12 EDT 2017,283478,1493934252440,3588.0,810.0
Thu May 04 17:44:12 EDT 2017,283478,1493934252440,3588.0,810.0
Thu May 04 17:44:12 EDT 2017,283478,1493934252440,3588.0,810.0
Thu May 04 17:44:12 EDT 2017,283478,1493934252440,3588.0,810.0
Thu May 04 17:44:12 EDT 2017,283478,1493934252440,3588.0,810.0
Thu May 04 17:44:12 EDT 2017,283478,1493934252440,3588.0,810.0
Thu May 04 17:44:18 EDT 2017,289979,1493934258941,3519.0,650.0
Thu May 04 17:44:18 EDT 2017,289979,1493934258941,3519.0,650.0
Thu May 04 17:44:18 EDT 2017,289979,1493934258941,3519.0,650.0
Thu May 04 17:44:18 EDT 2017,289979,1493934258941,3519.0,650.0
Thu May 04 17:44:18 EDT 2017,289979,1493934258941,3519.0,650.0
Thu May 04 17:44:18 EDT 2017,289979,1493934258941,3519.0,650.0
Thu May 04 17:44:18 EDT 2017,289979,1493934258941,3519.0,650.0
Thu May 04 17:44:18 EDT 2017,289979,1493934258941,3519.0,650.0
Thu May 04 17:44:18 EDT 2017,289979,1493934258941,3519.0,650.0
Thu May 04 17:44:18 EDT 2017,289979,1493934258941,3519.0,650.0
Thu May 04 17:44:18 EDT 2017,289979,1493934258941,3519.0,650.0
Thu May 04 17:44:20 EDT 2017,291645,1493934260607,Drag
Thu May 04 17:44:20 EDT 2017,291645,1493934260607,Drag
Thu May 04 17:44:20 EDT 2017,291645,1493934260607,Drag
Thu May 04 17:44:20 EDT 2017,291645,1493934260607,Drag
Thu May 04 17:44:20 EDT 2017,291645,1493934260607,Drag
Thu May 04 17:44:20 EDT 2017,291645,1493934260607,Drag
Thu May 04 17:44:20 EDT 2017,291645,1493934260607,Drag
Thu May 04 17:44:20 EDT 2017,291645,1493934260607,Drag
Thu May 04 17:44:20 EDT 2017,291645,1493934260607,Drag
Thu May 04 17:44:20 EDT 2017,291645,1493934260607,Drag
Thu May 04 17:44:20 EDT 2017,291645,1493934260607,Drag
Thu May 04 17:44:20 EDT 2017,291699,1493934260661,Drag
Thu May 04 17:44:20 EDT 2017,291699,1493934260661,Drag
Thu May 04 17:44:20 EDT 2017,291699,1493934260661,Drag
Thu May 04 17:44:20 EDT 2017,291699,1493934260661,Drag
Thu May 04 17:44:20 EDT 2017,291699,1493934260661,Drag
Thu May 04 17:44:20 EDT 2017,291699,1493934260661,Drag
Thu May 04 17:44:20 EDT 2017,291699,1493934260661,Drag
Thu May 04 17:44:20 EDT 2017,291699,1493934260661,Drag
Thu May 04 17:44:20 EDT 2017,291699,1493934260661,Drag
Thu May 04 17:44:20 EDT 2017,291699,1493934260661,Drag
Thu May 04 17:44:20 EDT 2017,291699,1493934260661,Drag
Thu May 04 17:44:20 EDT 2017,291707,1493934260669,Drag
Thu May 04 17:44:20 EDT 2017,291708,1493934260670,Drag
Thu May 04 17:44:20 EDT 2017,291708,1493934260670,Drag
Thu May 04 17:44:20 EDT 2017,291708,1493934260670,Drag
Thu May 04 17:44:20 EDT 2017,291708,1493934260670,Drag
Thu May 04 17:44:20 EDT 2017,291708,1493934260670,Drag
Thu May 04 17:44:20 EDT 2017,291708,1493934260670,Drag
Thu May 04 17:44:20 EDT 2017,291708,1493934260670,Drag
Thu May 04 17:44:20 EDT 2017,291708,1493934260670,Drag
Thu May 04 17:44:20 EDT 2017,291708,1493934260670,Drag
Thu May 04 17:44:20 EDT 2017,291708,1493934260670,Drag
Thu May 04 17:45:02 EDT 2017,333902,1493934302864,3535.0,275.0
Thu May 04 17:45:02 EDT 2017,333902,1493934302864,3535.0,275.0
Thu May 04 17:45:02 EDT 2017,333903,1493934302865,3535.0,275.0
Thu May 04 17:45:02 EDT 2017,333903,1493934302865,3535.0,275.0
Thu May 04 17:45:02 EDT 2017,333903,1493934302865,3535.0,275.0
Thu May 04 17:45:02 EDT 2017,333903,1493934302865,3535.0,275.0
Thu May 04 17:45:02 EDT 2017,333903,1493934302865,3535.0,275.0
Thu May 04 17:45:02 EDT 2017,333903,1493934302865,3535.0,275.0
Thu May 04 17:45:02 EDT 2017,333903,1493934302865,3535.0,275.0
Thu May 04 17:45:02 EDT 2017,333903,1493934302865,3535.0,275.0
Thu May 04 17:45:02 EDT 2017,333903,1493934302865,3535.0,275.0
Thu May 04 17:45:26 EDT 2017,357587,1493934326549,Task3,Klaus Mueller
Thu May 04 17:45:35 EDT 2017,366745,1493934335707,3533.0,197.0
Thu May 04 17:45:35 EDT 2017,366745,1493934335707,3533.0,197.0
Thu May 04 17:45:35 EDT 2017,366745,1493934335707,3533.0,197.0
Thu May 04 17:45:35 EDT 2017,366745,1493934335707,3533.0,197.0
Thu May 04 17:45:35 EDT 2017,366745,1493934335707,3533.0,197.0
Thu May 04 17:45:35 EDT 2017,366745,1493934335707,3533.0,197.0
Thu May 04 17:45:35 EDT 2017,366745,1493934335707,3533.0,197.0
Thu May 04 17:45:35 EDT 2017,366745,1493934335707,3533.0,197.0
Thu May 04 17:45:35 EDT 2017,366746,1493934335708,3533.0,197.0
Thu May 04 17:45:35 EDT 2017,366746,1493934335708,3533.0,197.0
Thu May 04 17:45:35 EDT 2017,366746,1493934335708,3533.0,197.0
Thu May 04 17:45:56 EDT 2017,387784,1493934356746,3586.0,323.0
Thu May 04 17:45:56 EDT 2017,387784,1493934356746,3586.0,323.0
Thu May 04 17:45:56 EDT 2017,387784,1493934356746,3586.0,323.0
Thu May 04 17:45:56 EDT 2017,387784,1493934356746,3586.0,323.0
Thu May 04 17:45:56 EDT 2017,387784,1493934356746,3586.0,323.0
Thu May 04 17:45:56 EDT 2017,387784,1493934356746,3586.0,323.0
Thu May 04 17:45:56 EDT 2017,387784,1493934356746,3586.0,323.0
Thu May 04 17:45:56 EDT 2017,387784,1493934356746,3586.0,323.0
Thu May 04 17:45:56 EDT 2017,387784,1493934356746,3586.0,323.0
Thu May 04 17:45:56 EDT 2017,387784,1493934356746,3586.0,323.0
Thu May 04 17:45:56 EDT 2017,387784,1493934356746,3586.0,323.0
Thu May 04 17:45:57 EDT 2017,388678,1493934357641,Drag
Thu May 04 17:45:57 EDT 2017,388679,1493934357641,Drag
Thu May 04 17:45:57 EDT 2017,388679,1493934357641,Drag
Thu May 04 17:45:57 EDT 2017,388679,1493934357641,Drag
Thu May 04 17:45:57 EDT 2017,388679,1493934357641,Drag
Thu May 04 17:45:57 EDT 2017,388679,1493934357641,Drag
Thu May 04 17:45:57 EDT 2017,388679,1493934357641,Drag
Thu May 04 17:45:57 EDT 2017,388679,1493934357641,Drag
Thu May 04 17:45:57 EDT 2017,388679,1493934357641,Drag
Thu May 04 17:45:57 EDT 2017,388679,1493934357641,Drag
Thu May 04 17:45:57 EDT 2017,388679,1493934357641,Drag
Thu May 04 17:45:57 EDT 2017,388687,1493934357649,Drag
Thu May 04 17:45:57 EDT 2017,388687,1493934357649,Drag
Thu May 04 17:45:57 EDT 2017,388687,1493934357649,Drag
Thu May 04 17:45:57 EDT 2017,388687,1493934357649,Drag
Thu May 04 17:45:57 EDT 2017,388687,1493934357649,Drag
Thu May 04 17:45:57 EDT 2017,388687,1493934357649,Drag
Thu May 04 17:45:57 EDT 2017,388687,1493934357649,Drag
Thu May 04 17:45:57 EDT 2017,388687,1493934357649,Drag
Thu May 04 17:45:57 EDT 2017,388687,1493934357649,Drag
Thu May 04 17:45:57 EDT 2017,388687,1493934357649,Drag
Thu May 04 17:45:57 EDT 2017,388687,1493934357649,Drag
Thu May 04 17:46:40 EDT 2017,431872,1493934400835,2253.0,553.0
Thu May 04 17:46:40 EDT 2017,431873,1493934400835,2253.0,553.0
Thu May 04 17:46:40 EDT 2017,431873,1493934400835,2253.0,553.0
Thu May 04 17:46:40 EDT 2017,431873,1493934400835,2253.0,553.0
Thu May 04 17:46:40 EDT 2017,431873,1493934400835,2253.0,553.0
Thu May 04 17:46:40 EDT 2017,431873,1493934400835,2253.0,553.0
Thu May 04 17:46:40 EDT 2017,431873,1493934400835,2253.0,553.0
Thu May 04 17:46:40 EDT 2017,431873,1493934400835,2253.0,553.0
Thu May 04 17:46:40 EDT 2017,431874,1493934400836,2253.0,553.0
Thu May 04 17:46:40 EDT 2017,431874,1493934400836,2253.0,553.0
Thu May 04 17:46:40 EDT 2017,431874,1493934400836,2253.0,553.0
Thu May 04 17:47:15 EDT 2017,466465,1493934435427,Drag
Thu May 04 17:47:15 EDT 2017,466466,1493934435428,Drag
Thu May 04 17:47:15 EDT 2017,466466,1493934435428,Drag
Thu May 04 17:47:15 EDT 2017,466466,1493934435428,Drag
Thu May 04 17:47:15 EDT 2017,466466,1493934435428,Drag
Thu May 04 17:47:15 EDT 2017,466466,1493934435428,Drag
Thu May 04 17:47:15 EDT 2017,466466,1493934435428,Drag
Thu May 04 17:47:15 EDT 2017,466466,1493934435428,Drag
Thu May 04 17:47:15 EDT 2017,466466,1493934435428,Drag
Thu May 04 17:47:15 EDT 2017,466466,1493934435428,Drag
Thu May 04 17:47:15 EDT 2017,466466,1493934435428,Drag
Thu May 04 17:47:15 EDT 2017,466475,1493934435437,Drag
Thu May 04 17:47:15 EDT 2017,466475,1493934435437,Drag
Thu May 04 17:47:15 EDT 2017,466475,1493934435437,Drag
Thu May 04 17:47:15 EDT 2017,466475,1493934435437,Drag
Thu May 04 17:47:15 EDT 2017,466475,1493934435437,Drag
Thu May 04 17:47:15 EDT 2017,466475,1493934435437,Drag
Thu May 04 17:47:15 EDT 2017,466475,1493934435437,Drag
Thu May 04 17:47:15 EDT 2017,466475,1493934435437,Drag
Thu May 04 17:47:15 EDT 2017,466475,1493934435437,Drag
Thu May 04 17:47:15 EDT 2017,466475,1493934435437,Drag
Thu May 04 17:47:15 EDT 2017,466475,1493934435437,Drag
Thu May 04 17:47:23 EDT 2017,474296,1493934443258,Drag
Thu May 04 17:47:23 EDT 2017,474296,1493934443258,Drag
Thu May 04 17:47:23 EDT 2017,474296,1493934443258,Drag
Thu May 04 17:47:23 EDT 2017,474296,1493934443258,Drag
Thu May 04 17:47:23 EDT 2017,474296,1493934443258,Drag
Thu May 04 17:47:23 EDT 2017,474296,1493934443258,Drag
Thu May 04 17:47:23 EDT 2017,474296,1493934443258,Drag
Thu May 04 17:47:23 EDT 2017,474296,1493934443258,Drag
Thu May 04 17:47:23 EDT 2017,474296,1493934443258,Drag
Thu May 04 17:47:23 EDT 2017,474296,1493934443258,Drag
Thu May 04 17:47:23 EDT 2017,474296,1493934443258,Drag
Thu May 04 17:47:23 EDT 2017,474305,1493934443267,Drag
Thu May 04 17:47:23 EDT 2017,474305,1493934443267,Drag
Thu May 04 17:47:23 EDT 2017,474305,1493934443267,Drag
Thu May 04 17:47:23 EDT 2017,474305,1493934443267,Drag
Thu May 04 17:47:23 EDT 2017,474305,1493934443267,Drag
Thu May 04 17:47:23 EDT 2017,474305,1493934443267,Drag
Thu May 04 17:47:23 EDT 2017,474305,1493934443267,Drag
Thu May 04 17:47:23 EDT 2017,474305,1493934443267,Drag
Thu May 04 17:47:23 EDT 2017,474305,1493934443267,Drag
Thu May 04 17:47:23 EDT 2017,474305,1493934443267,Drag
Thu May 04 17:47:23 EDT 2017,474305,1493934443267,Drag
Thu May 04 17:47:28 EDT 2017,479440,1493934448402,Drag
Thu May 04 17:47:28 EDT 2017,479440,1493934448402,Drag
Thu May 04 17:47:28 EDT 2017,479440,1493934448402,Drag
Thu May 04 17:47:28 EDT 2017,479440,1493934448402,Drag
Thu May 04 17:47:28 EDT 2017,479440,1493934448402,Drag
Thu May 04 17:47:28 EDT 2017,479440,1493934448402,Drag
Thu May 04 17:47:28 EDT 2017,479440,1493934448402,Drag
Thu May 04 17:47:28 EDT 2017,479440,1493934448402,Drag
Thu May 04 17:47:28 EDT 2017,479440,1493934448402,Drag
Thu May 04 17:47:28 EDT 2017,479440,1493934448402,Drag
Thu May 04 17:47:28 EDT 2017,479440,1493934448402,Drag
Thu May 04 17:47:32 EDT 2017,483739,1493934452701,Drag
Thu May 04 17:47:32 EDT 2017,483739,1493934452701,Drag
Thu May 04 17:47:32 EDT 2017,483739,1493934452701,Drag
Thu May 04 17:47:32 EDT 2017,483739,1493934452701,Drag
Thu May 04 17:47:32 EDT 2017,483740,1493934452702,Drag
Thu May 04 17:47:32 EDT 2017,483740,1493934452702,Drag
Thu May 04 17:47:32 EDT 2017,483740,1493934452702,Drag
Thu May 04 17:47:32 EDT 2017,483740,1493934452702,Drag
Thu May 04 17:47:32 EDT 2017,483740,1493934452702,Drag
Thu May 04 17:47:32 EDT 2017,483740,1493934452702,Drag
Thu May 04 17:47:32 EDT 2017,483740,1493934452702,Drag
Thu May 04 17:47:32 EDT 2017,483746,1493934452708,Drag
Thu May 04 17:47:32 EDT 2017,483746,1493934452708,Drag
Thu May 04 17:47:32 EDT 2017,483746,1493934452708,Drag
Thu May 04 17:47:32 EDT 2017,483746,1493934452708,Drag
Thu May 04 17:47:32 EDT 2017,483746,1493934452708,Drag
Thu May 04 17:47:32 EDT 2017,483746,1493934452708,Drag
Thu May 04 17:47:32 EDT 2017,483746,1493934452708,Drag
Thu May 04 17:47:32 EDT 2017,483746,1493934452708,Drag
Thu May 04 17:47:32 EDT 2017,483746,1493934452708,Drag
Thu May 04 17:47:32 EDT 2017,483746,1493934452708,Drag
Thu May 04 17:47:32 EDT 2017,483746,1493934452708,Drag
Thu May 04 17:47:38 EDT 2017,489978,1493934458940,Drag
Thu May 04 17:47:38 EDT 2017,489978,1493934458940,Drag
Thu May 04 17:47:38 EDT 2017,489978,1493934458940,Drag
Thu May 04 17:47:38 EDT 2017,489978,1493934458940,Drag
Thu May 04 17:47:38 EDT 2017,489978,1493934458940,Drag
Thu May 04 17:47:38 EDT 2017,489978,1493934458940,Drag
Thu May 04 17:47:38 EDT 2017,489978,1493934458940,Drag
Thu May 04 17:47:38 EDT 2017,489978,1493934458940,Drag
Thu May 04 17:47:38 EDT 2017,489978,1493934458940,Drag
Thu May 04 17:47:38 EDT 2017,489978,1493934458940,Drag
Thu May 04 17:47:38 EDT 2017,489978,1493934458940,Drag
Thu May 04 17:47:38 EDT 2017,490002,1493934458964,Drag
Thu May 04 17:47:38 EDT 2017,490002,1493934458964,Drag
Thu May 04 17:47:38 EDT 2017,490002,1493934458964,Drag
Thu May 04 17:47:38 EDT 2017,490002,1493934458964,Drag
Thu May 04 17:47:38 EDT 2017,490002,1493934458964,Drag
Thu May 04 17:47:38 EDT 2017,490002,1493934458964,Drag
Thu May 04 17:47:38 EDT 2017,490002,1493934458964,Drag
Thu May 04 17:47:38 EDT 2017,490002,1493934458964,Drag
Thu May 04 17:47:38 EDT 2017,490002,1493934458964,Drag
Thu May 04 17:47:38 EDT 2017,490002,1493934458964,Drag
Thu May 04 17:47:38 EDT 2017,490003,1493934458965,Drag
Thu May 04 17:47:45 EDT 2017,496746,1493934465708,Drag
Thu May 04 17:47:45 EDT 2017,496747,1493934465709,Drag
Thu May 04 17:47:45 EDT 2017,496747,1493934465709,Drag
Thu May 04 17:47:45 EDT 2017,496747,1493934465709,Drag
Thu May 04 17:47:45 EDT 2017,496747,1493934465709,Drag
Thu May 04 17:47:45 EDT 2017,496747,1493934465709,Drag
Thu May 04 17:47:45 EDT 2017,496747,1493934465709,Drag
Thu May 04 17:47:45 EDT 2017,496747,1493934465709,Drag
Thu May 04 17:47:45 EDT 2017,496747,1493934465709,Drag
Thu May 04 17:47:45 EDT 2017,496747,1493934465709,Drag
Thu May 04 17:47:45 EDT 2017,496747,1493934465709,Drag
Thu May 04 17:47:45 EDT 2017,496817,1493934465779,Drag
Thu May 04 17:47:45 EDT 2017,496817,1493934465779,Drag
Thu May 04 17:47:45 EDT 2017,496817,1493934465779,Drag
Thu May 04 17:47:45 EDT 2017,496817,1493934465779,Drag
Thu May 04 17:47:45 EDT 2017,496817,1493934465779,Drag
Thu May 04 17:47:45 EDT 2017,496817,1493934465779,Drag
Thu May 04 17:47:45 EDT 2017,496817,1493934465779,Drag
Thu May 04 17:47:45 EDT 2017,496817,1493934465779,Drag
Thu May 04 17:47:45 EDT 2017,496817,1493934465779,Drag
Thu May 04 17:47:45 EDT 2017,496817,1493934465779,Drag
Thu May 04 17:47:45 EDT 2017,496817,1493934465779,Drag
Thu May 04 17:47:50 EDT 2017,501783,1493934470745,2432.0,426.0
Thu May 04 17:47:50 EDT 2017,501783,1493934470745,2432.0,426.0
Thu May 04 17:47:50 EDT 2017,501783,1493934470745,2432.0,426.0
Thu May 04 17:47:50 EDT 2017,501783,1493934470745,2432.0,426.0
Thu May 04 17:47:50 EDT 2017,501783,1493934470745,2432.0,426.0
Thu May 04 17:47:50 EDT 2017,501783,1493934470745,2432.0,426.0
Thu May 04 17:47:50 EDT 2017,501783,1493934470745,2432.0,426.0
Thu May 04 17:47:50 EDT 2017,501783,1493934470745,2432.0,426.0
Thu May 04 17:47:50 EDT 2017,501783,1493934470745,2432.0,426.0
Thu May 04 17:47:50 EDT 2017,501783,1493934470745,2432.0,426.0
Thu May 04 17:47:50 EDT 2017,501783,1493934470745,2432.0,426.0
Thu May 04 17:48:07 EDT 2017,518585,1493934487547,Task4,T Moller, 18
Thu May 04 17:48:07 EDT 2017,518586,1493934487548,logging ends
